{
    "title": "Átlagos felületi érdességek szabványos tűrésnagyságokhoz - Közepes fokozat",
    "columns": [
        "Méret (felett-ig)",
        "IT3",
        "IT4",
        "IT5",
        "IT6",
        "IT7",
        "IT8",
        "IT9",
        "IT10",
        "IT11",
        "IT12",
        "IT13",
        "IT14",
        "IT15",
        "IT16"
    ],
    "rows": [
      {
        "Méret": "0-3",
        "IT3": "0,20",
        "IT4": "0,20",
        "IT5": "0,20",
        "IT6": "0,40",
        "IT7": "0,40",
        "IT8": "0,80",
        "IT9": "0,80",
        "IT10": "1,60",
        "IT11": "1,6",
        "IT12": "3,20",
        "IT13": "3,20",
        "IT14": "6,30",
        "IT15": "6,30",
        "IT16": "12,5"
      },
      {
        "Méret": "3-6",
        "IT3": "0,20",
        "IT4": "0,20",
        "IT5": "0,20",
        "IT6": "0,40",
        "IT7": "0,40",
        "IT8": "0,80",
        "IT9": "0.80",
        "IT10": "1,60",
        "IT11": "1,60",
        "IT12": "3,20",
        "IT13": "3,20",
        "IT14": "6,30",
        "IT15": "",
        "IT16": "12,5"
      },
      {
        "Méret": "6-10",
        "IT3": "0,20",
        "IT4": "0,20",
        "IT5": "0,40",
        "IT6": "0,40",
        "IT7": "0,80",
        "IT8": "0,80",
        "IT9": "1,60",
        "IT10": "1,60",
        "IT11": "3,20",
        "IT12": "3,20",
        "IT13": "6,30",
        "IT14": "6,30",
        "IT15": "",
        "IT16": "12,5"
      },
      {
        "Méret": "10-18",
        "IT3": "0,20",
        "IT4": "0,20",
        "IT5": "0,40",
        "IT6": "0,40",
        "IT7": "0,80",
        "IT8": "0,80",
        "IT9": "1,60",
        "IT10": "1,60",
        "IT11": "3,20",
        "IT12": "3,20",
        "IT13": "6,30",
        "IT14": "6,30",
        "IT15": "",
        "IT16": "25"
      },
      {
        "Méret": "18-30",
        "IT3": "0,20",
        "IT4": "0,40",
        "IT5": "0,40",
        "IT6": "0,40",
        "IT7": "0,80",
        "IT8": "1,6",
        "IT9": "1,6",
        "IT10": "3,20",
        "IT11": "3,20",
        "IT12": "6,30",
        "IT13": "6,30",
        "IT14": "12,5",
        "IT15": "",
        "IT16": "25"
      },
      {
        "Méret": "30-50",
        "IT3": "0,20",
        "IT4": "0,40",
        "IT5": "0,40",
        "IT6": "0,80",
        "IT7": "0,80",
        "IT8": "1,60",
        "IT9": "1,60",
        "IT10": "3,20",
        "IT11": "3,20",
        "IT12": "6,30",
        "IT13": "6,30",
        "IT14": "12,5",
        "IT15": "",
        "IT16": "25"
      },
      {
        "Méret": "50-80",
        "IT3": "0,20",
        "IT4": "0,40",
        "IT5": "0,40",
        "IT6": "0,80",
        "IT7": "0,80",
        "IT8": "1,60",
        "IT9": "1,60",
        "IT10": "3,20",
        "IT11": "6,30",
        "IT12": "6,30",
        "IT13": "6,30",
        "IT14": "12,5",
        "IT15": "25",
        "IT16": "25"
      },
      {
        "Méret": "80-120",
        "IT3": "0,40",
        "IT4": "0,40",
        "IT5": "0,80",
        "IT6": "0,80",
        "IT7": "1,60",
        "IT8": "1,60",
        "IT9": "3,20",
        "IT10": "3,20",
        "IT11": "6,30",
        "IT12": "6,30",
        "IT13": "12,5",
        "IT14": "12,5",
        "IT15": "25",
        "IT16": "25"
      },
      {
        "Méret": "120-180",
        "IT3": "0,40",
        "IT4": "0,40",
        "IT5": "0,80",
        "IT6": "0,80",
        "IT7": "1,60",
        "IT8": "1,60",
        "IT9": "3,20",
        "IT10": "3,20",
        "IT11": "6,30",
        "IT12": "6,30",
        "IT13": "12,5",
        "IT14": "12,5",
        "IT15": "25",
        "IT16": "50"
      },
      {
        "Méret": "180-250",
        "IT3": "0,40",
        "IT4": "0,80",
        "IT5": "0,80",
        "IT6": "0,80",
        "IT7": "1,60",
        "IT8": "1,60",
        "IT9": "3,20",
        "IT10": "6,30",
        "IT11": "6,30",
        "IT12": "6,30",
        "IT13": "12,5",
        "IT14": "25",
        "IT15": "25",
        "IT16": "50"
      },
      {
        "Méret": "250-315",
        "IT3": "0,40",
        "IT4": "0,80",
        "IT5": "0,80",
        "IT6": "1,60",
        "IT7": "1,60",
        "IT8": "3,20",
        "IT9": "3,20",
        "IT10": "6,30",
        "IT11": "6,30",
        "IT12": "12,5",
        "IT13": "12,5",
        "IT14": "25",
        "IT15": "25",
        "IT16": "50"
      },
      {
        "Méret": "315-400",
        "IT3": "0,40",
        "IT4": "0,80",
        "IT5": "0,80",
        "IT6": "1,60",
        "IT7": "1,60",
        "IT8": "3,20",
        "IT9": "3,20",
        "IT10": "6,30",
        "IT11": "6,30",
        "IT12": "12,5",
        "IT13": "12,5",
        "IT14": "25",
        "IT15": "25",
        "IT16": "50"
      },
      {
        "Méret": "400-500",
        "IT3": "0,80",
        "IT4": "0,80",
        "IT5": "0,80",
        "IT6": "1,60",
        "IT7": "1,60",
        "IT8": "3,20",
        "IT9": "3,20",
        "IT10": "6,30",
        "IT11": "6,30",
        "IT12": "12,5",
        "IT13": "12,5",
        "IT14": "25",
        "IT15": "50",
        "IT16": "50"
      }
    ]
}